<?xml version='1.0' encoding='UTF-8'?>
<rsm:CrossIndustryInvoice xmlns:qdt="urn:un:unece:uncefact:data:standard:QualifiedDataType:100" xmlns:ram="urn:un:unece:uncefact:data:standard:ReusableAggregateBusinessInformationEntity:100" xmlns:rsm="urn:un:unece:uncefact:data:standard:CrossIndustryInvoice:100" xmlns:udt="urn:un:unece:uncefact:data:standard:UnqualifiedDataType:100" xmlns:xsi="http://www.w3.org/2001/XMLSchema-instance">
  <rsm:ExchangedDocumentContext>
    <ram:GuidelineSpecifiedDocumentContextParameter>
      <ram:ID>urn:factur-x.eu:1p0:basicwl</ram:ID>
    </ram:GuidelineSpecifiedDocumentContextParameter>
  </rsm:ExchangedDocumentContext>
  <rsm:ExchangedDocument>
    <ram:ID>FA-2017-0010</ram:ID>
    <ram:TypeCode>380</ram:TypeCode>
    <ram:IssueDateTime>
      <udt:DateTimeString format="102">20171113</udt:DateTimeString>
    </ram:IssueDateTime>
    <ram:IncludedNote>
      <ram:Content>Franco de port (commande &gt; 300 € HT)</ram:Content>
    </ram:IncludedNote>
  </rsm:ExchangedDocument>
  <rsm:SupplyChainTradeTransaction>
    <ram:ApplicableHeaderTradeAgreement>
      <ram:SellerTradeParty>
        <ram:Name>Au bon moulin</ram:Name>
        <ram:SpecifiedLegalOrganization>
          <ram:ID schemeID="0002">99999999800010</ram:ID>
        </ram:SpecifiedLegalOrganization>
        <ram:PostalTradeAddress>
          <ram:PostcodeCode>84340</ram:PostcodeCode>
          <ram:LineOne>1242 chemin de l'olive</ram:LineOne>
          <ram:CityName>Malaucène</ram:CityName>
          <ram:CountryID>FR</ram:CountryID>
        </ram:PostalTradeAddress>
        <ram:SpecifiedTaxRegistration>
          <ram:ID schemeID="VA">FR11999999998</ram:ID>
        </ram:SpecifiedTaxRegistration>
      </ram:SellerTradeParty>
      <ram:BuyerTradeParty>
        <ram:Name>Ma jolie boutique</ram:Name>
        <ram:SpecifiedLegalOrganization>
          <ram:ID schemeID="0002">78787878400035</ram:ID>
        </ram:SpecifiedLegalOrganization>
        <ram:PostalTradeAddress>
          <ram:PostcodeCode>69001</ram:PostcodeCode>
          <ram:LineOne>35 rue de la République</ram:LineOne>
          <ram:CityName>Lyon</ram:CityName>
          <ram:CountryID>FR</ram:CountryID>
        </ram:PostalTradeAddress>
        <ram:SpecifiedTaxRegistration>
          <ram:ID schemeID="VA">FR19787878784</ram:ID>
        </ram:SpecifiedTaxRegistration>
      </ram:BuyerTradeParty>
      <ram:BuyerOrderReferencedDocument>
        <ram:IssuerAssignedID>PO445</ram:IssuerAssignedID>
      </ram:BuyerOrderReferencedDocument>
      <ram:ContractReferencedDocument>
        <ram:IssuerAssignedID>MSPE2017</ram:IssuerAssignedID>
      </ram:ContractReferencedDocument>
    </ram:ApplicableHeaderTradeAgreement>
    <ram:ApplicableHeaderTradeDelivery/>
    <ram:ApplicableHeaderTradeSettlement>
      <ram:PaymentReference>FA-2017-0010</ram:PaymentReference>
      <ram:InvoiceCurrencyCode>EUR</ram:InvoiceCurrencyCode>
      <ram:SpecifiedTradeSettlementPaymentMeans>
        <ram:TypeCode>30</ram:TypeCode>
        <ram:PayeePartyCreditorFinancialAccount>
          <ram:IBANID>FR2012421242124212421242124</ram:IBANID>
        </ram:PayeePartyCreditorFinancialAccount>
      </ram:SpecifiedTradeSettlementPaymentMeans>
      <ram:ApplicableTradeTax>
        <ram:CalculatedAmount>16.38</ram:CalculatedAmount>
        <ram:TypeCode>VAT</ram:TypeCode>
        <ram:BasisAmount>81.90</ram:BasisAmount>
        <ram:CategoryCode>S</ram:CategoryCode>
        <ram:DueDateTypeCode>5</ram:DueDateTypeCode>
        <ram:RateApplicablePercent>20.00</ram:RateApplicablePercent>
      </ram:ApplicableTradeTax>
      <ram:ApplicableTradeTax>
        <ram:CalculatedAmount>29.87</ram:CalculatedAmount>
        <ram:TypeCode>VAT</ram:TypeCode>
        <ram:BasisAmount>543.00</ram:BasisAmount>
        <ram:CategoryCode>S</ram:CategoryCode>
        <ram:DueDateTypeCode>5</ram:DueDateTypeCode>
        <ram:RateApplicablePercent>5.50</ram:RateApplicablePercent>
      </ram:ApplicableTradeTax>
      <ram:SpecifiedTradePaymentTerms>
        <ram:DueDateDateTime>
          <udt:DateTimeString format="102">20171213</udt:DateTimeString>
        </ram:DueDateDateTime>
      </ram:SpecifiedTradePaymentTerms>
      <ram:SpecifiedTradeSettlementHeaderMonetarySummation>
        <ram:LineTotalAmount>624.90</ram:LineTotalAmount>
        <ram:TaxBasisTotalAmount>624.90</ram:TaxBasisTotalAmount>
        <ram:TaxTotalAmount currencyID="EUR">46.25</ram:TaxTotalAmount>
        <ram:GrandTotalAmount>671.15</ram:GrandTotalAmount>
        <ram:TotalPrepaidAmount>201.00</ram:TotalPrepaidAmount>
        <ram:DuePayableAmount>470.15</ram:DuePayableAmount>
      </ram:SpecifiedTradeSettlementHeaderMonetarySummation>
    </ram:ApplicableHeaderTradeSettlement>
  </rsm:SupplyChainTradeTransaction>
</rsm:CrossIndustryInvoice>
