<?xml version='1.0' encoding='UTF-8'?>
<rsm:CrossIndustryInvoice xmlns:qdt="urn:un:unece:uncefact:data:standard:QualifiedDataType:100" xmlns:ram="urn:un:unece:uncefact:data:standard:ReusableAggregateBusinessInformationEntity:100" xmlns:rsm="urn:un:unece:uncefact:data:standard:CrossIndustryInvoice:100" xmlns:udt="urn:un:unece:uncefact:data:standard:UnqualifiedDataType:100" xmlns:xsi="http://www.w3.org/2001/XMLSchema-instance">
  
  <rsm:ExchangedDocumentContext>
    <ram:GuidelineSpecifiedDocumentContextParameter>
      <ram:ID>urn:factur-x.eu:1p0:minimum</ram:ID>
    </ram:GuidelineSpecifiedDocumentContextParameter>
  </rsm:ExchangedDocumentContext>
  
  <rsm:ExchangedDocument>
    <ram:ID>FA-2017-0010</ram:ID>
    <ram:TypeCode>380</ram:TypeCode>
    <ram:IssueDateTime>
      <udt:DateTimeString format="102">20171113</udt:DateTimeString>
    </ram:IssueDateTime>
  </rsm:ExchangedDocument>

  <rsm:SupplyChainTradeTransaction>
    <ram:ApplicableHeaderTradeAgreement>
      <ram:SellerTradeParty>
        <ram:Name>Au bon moulin</ram:Name>
        <ram:SpecifiedLegalOrganization>
          <ram:ID schemeID="0002">99999999800010</ram:ID>
        </ram:SpecifiedLegalOrganization>
        <ram:PostalTradeAddress>
          <ram:CountryID>FR</ram:CountryID>
        </ram:PostalTradeAddress>
        <ram:SpecifiedTaxRegistration>
          <ram:ID schemeID="VA">FR11999999998</ram:ID>
        </ram:SpecifiedTaxRegistration>
      </ram:SellerTradeParty>
      <ram:BuyerTradeParty>
        <ram:Name>Ma jolie boutique</ram:Name>
        <ram:SpecifiedLegalOrganization>
          <ram:ID schemeID="0002">78787878400035</ram:ID>
        </ram:SpecifiedLegalOrganization>
      </ram:BuyerTradeParty>
      <ram:BuyerOrderReferencedDocument>
        <ram:IssuerAssignedID>PO445</ram:IssuerAssignedID>
      </ram:BuyerOrderReferencedDocument>
    </ram:ApplicableHeaderTradeAgreement>

    <ram:ApplicableHeaderTradeDelivery/>
    
    <ram:ApplicableHeaderTradeSettlement>
      <ram:InvoiceCurrencyCode>EUR</ram:InvoiceCurrencyCode>
      <ram:SpecifiedTradeSettlementHeaderMonetarySummation>
        <ram:TaxBasisTotalAmount>624.90</ram:TaxBasisTotalAmount>
        <ram:TaxTotalAmount currencyID="EUR">46.25</ram:TaxTotalAmount>
        <ram:GrandTotalAmount>671.15</ram:GrandTotalAmount>
        <ram:DuePayableAmount>470.15</ram:DuePayableAmount>
      </ram:SpecifiedTradeSettlementHeaderMonetarySummation>
    </ram:ApplicableHeaderTradeSettlement>
    
  </rsm:SupplyChainTradeTransaction>
</rsm:CrossIndustryInvoice>
